Workbook

Sheet Raw
A1: Speed measurements template (timing gates)
A2: How to use: 1) Enter Participant, Activity, Trial #, Gate Distance (m), and Time Duration (s). 2) Speed (m/s) is computed automatically. Optional: add Notes. 3) The Summary sheet updates counts and mean speed by participant × activity. Tip: Keep Activity labels consistent (walking, jogging, running, heel_drop, step_drop).
A6: participant | B6: activity | C6: trial_num | D6: gate_distance_m | E6: time_s | F6: speed_mps | G6: speed_kmh | H6: notes
A7: P1 | B7: walking | C7: 1 | D7: 3.73 | E7: 2.52 | F7: =D7/E7 -> 1.4801587 | G7: =IF(F7="","",F7*3.6) -> 5.3285714 | H7: shoes size: 44
A8: P1 | B8: walking | C8: 2 | D8: 3.73 | E8: 2.15 | F8: =D8/E8 -> 1.7348837 | G8: =IF(F8="","",F8*3.6) -> 6.2455814
A9: P1 | B9: walking | C9: 3 | D9: 3.73 | E9: 2.26 | F9: =D9/E9 -> 1.6504425 | G9: =IF(F9="","",F9*3.6) -> 5.9415929
A10: P1 | B10: walking | C10: 4 | D10: 3.73 | E10: 2 | F10: =D10/E10 -> 1.865 | G10: =IF(F10="","",F10*3.6) -> 6.714
A11: P1 | B11: walking | C11: 5 | D11: 3.73 | E11: 2.12 | F11: =D11/E11 -> 1.759434 | G11: =IF(F11="","",F11*3.6) -> 6.3339623
A12: P1 | B12: walking | C12: 6 | D12: 3.73 | E12: 2.18 | F12: =D12/E12 -> 1.7110092 | G12: =IF(F12="","",F12*3.6) -> 6.159633
A13: P1 | B13: walking | C13: 7 | D13: 3.73 | E13: 2 | F13: =D13/E13 -> 1.865 | G13: =IF(F13="","",F13*3.6) -> 6.714
A14: P1 | B14: walking | C14: 8 | D14: 3.73 | E14: 2.2 | F14: =D14/E14 -> 1.6954545 | G14: =F14*3.6 -> 6.1036364
A15: P1 | B15: walking | C15: 9 | D15: 3.73 | E15: 2.33 | F15: =D15/E15 -> 1.6008584 | G15: =F15*3.6 -> 5.7630901
A16: P1 | B16: walking | C16: 10 | D16: 3.73 | E16: 2.08 | F16: =D16/E16 -> 1.7932692 | G16: =F16*3.6 -> 6.4557692
A17: P1 | B17: jogging | C17: 1 | D17: 3.73 | E17: 1.13 | F17: =D17/E17 -> 3.300885 | G17: =F17*3.6 -> 11.883186
A18: P1 | B18: jogging | C18: 2 | D18: 3.73 | E18: 1.07 | F18: =D18/E18 -> 3.4859813 | G18: =F18*3.6 -> 12.549533
A19: P1 | B19: jogging | C19: 3 | D19: 3.73 | E19: 0.99 | F19: =D19/E19 -> 3.7676768 | G19: =F19*3.6 -> 13.563636
A20: P1 | B20: jogging | C20: 4 | D20: 3.73 | E20: 1.07 | F20: =D20/E20 -> 3.4859813 | G20: =F20*3.6 -> 12.549533
A21: P1 | B21: jogging | C21: 5 | D21: 3.73 | E21: 1.22 | F21: =D21/E21 -> 3.057377 | G21: =F21*3.6 -> 11.006557
A22: P1 | B22: jogging | C22: 6 | D22: 3.73 | E22: 1.03 | F22: =D22/E22 -> 3.6213592 | G22: =F22*3.6 -> 13.036893
A23: P1 | B23: jogging | C23: 7 | D23: 3.73 | E23: 1.06 | F23: =D23/E23 -> 3.5188679 | G23: =F23*3.6 -> 12.667925
A24: P1 | B24: jogging | C24: 8 | D24: 3.73 | E24: 1.3 | F24: =D24/E24 -> 2.8692308 | G24: =F24*3.6 -> 10.329231
A25: P1 | B25: jogging | C25: 9 | D25: 3.73 | E25: 1.21 | F25: =D25/E25 -> 3.0826446 | G25: =F25*3.6 -> 11.097521
... A39: P1 | B39: running | C39: 12 | D39: 3.73 | E39: 0.84 | F39: =D39/E39 -> 4.4404762 | G39: =F39*3.6 -> 15.985714
A40: P2 | B40: walking | C40: 1 | D40: 3.95 | E40: 2.38 | F40: =D40/E40 -> 1.6596639 | G40: =F40*3.6 -> 5.9747899 | H40: shoes size: 40
A41: P2 | B41: walking | C41: 2 | D41: 3.95 | E41: 2.55 | F41: =D41/E41 -> 1.5490196 | G41: =F41*3.6 -> 5.5764706
A42: P2 | B42: walking | C42: 3 | D42: 3.95 | E42: 2.54 | F42: =D42/E42 -> 1.5551181 | G42: =F42*3.6 -> 5.5984252
A43: P2 | B43: walking | C43: 4 | D43: 3.95 | E43: 2.63 | F43: =D43/E43 -> 1.5019011 | G43: =F43*3.6 -> 5.4068441
A44: P2 | B44: walking | C44: 5 | D44: 3.95 | E44: 2.63 | F44: =D44/E44 -> 1.5019011 | G44: =F44*3.6 -> 5.4068441
A45: P2 | B45: walking | C45: 6 | D45: 3.95 | E45: 2.48 | F45: =D45/E45 -> 1.5927419 | G45: =F45*3.6 -> 5.733871
A46: P2 | B46: walking | C46: 7 | D46: 3.95 | E46: 2.48 | F46: =D46/E46 -> 1.5927419 | G46: =F46*3.6 -> 5.733871
A47: P2 | B47: walking | C47: 8 | D47: 3.95 | E47: 2.46 | F47: =D47/E47 -> 1.6056911 | G47: =F47*3.6 -> 5.7804878
A48: P2 | B48: walking | C48: 9 | D48: 3.95 | E48: 2.43 | F48: =D48/E48 -> 1.6255144 | G48: =F48*3.6 -> 5.8518519
A49: P2 | B49: walking | C49: 10 | D49: 3.95 | E49: 2.53 | F49: =D49/E49 -> 1.5612648 | G49: =F49*3.6 -> 5.6205534
A50: P2 | B50: jogging | C50: 1 | D50: 3.95 | E50: 2.34 | F50: =D50/E50 -> 1.6880342 | G50: =F50*3.6 -> 6.0769231
A51: P2 | B51: jogging | C51: 2 | D51: 3.95 | E51: 1.77 | F51: =D51/E51 -> 2.2316384 | G51: =F51*3.6 -> 8.0338983
A52: P2 | B52: jogging | C52: 3 | D52: 3.95 | E52: 1.62 | F52: =D52/E52 -> 2.4382716 | G52: =F52*3.6 -> 8.7777778
... A69: P2 | B69: running | C69: 10 | D69: 3.95 | E69: 1.36 | F69: =D69/E69 -> 2.9044118 | G69: =F69*3.6 -> 10.455882
A70: P3 | B70: walking | C70: 1 | D70: 3.73 | E70: 3.27 | F70: =D70/E70 -> 1.1406728 | G70: =F70*3.6 -> 4.106422 | H70: shoes size: 41
A71: P3 | B71: walking | C71: 2 | D71: 3.73 | E71: 2.8 | F71: =D71/E71 -> 1.3321429 | G71: =F71*3.6 -> 4.7957143
A72: P3 | B72: walking | C72: 3 | D72: 3.73 | E72: 2.95 | F72: =D72/E72 -> 1.2644068 | G72: =F72*3.6 -> 4.5518644
A73: P3 | B73: walking | C73: 4 | D73: 3.73 | E73: 2.86 | F73: =D73/E73 -> 1.3041958 | G73: =F73*3.6 -> 4.6951049
A74: P3 | B74: walking | C74: 5 | D74: 3.73 | E74: 2.9 | F74: =D74/E74 -> 1.2862069 | G74: =F74*3.6 -> 4.6303448
A75: P3 | B75: walking | C75: 6 | D75: 3.73 | E75: 2.81 | F75: =D75/E75 -> 1.3274021 | G75: =F75*3.6 -> 4.7786477
A76: P3 | B76: walking | C76: 7 | D76: 3.73 | E76: 2.9 | F76: =D76/E76 -> 1.2862069 | G76: =F76*3.6 -> 4.6303448
A77: P3 | B77: walking | C77: 8 | D77: 3.73 | E77: 2.72 | F77: =D77/E77 -> 1.3713235 | G77: =F77*3.6 -> 4.9367647
A78: P3 | B78: walking | C78: 9 | D78: 3.73 | E78: 2.77 | F78: =D78/E78 -> 1.3465704 | G78: =F78*3.6 -> 4.8476534
A79: P3 | B79: walking | C79: 10 | D79: 3.73 | E79: 2.81 | F79: =D79/E79 -> 1.3274021 | G79: =F79*3.6 -> 4.7786477
A80: P3 | B80: jogging | C80: 1 | D80: 3.73 | E80: 1.75 | F80: =D80/E80 -> 2.1314286 | G80: =F80*3.6 -> 7.6731429
A81: P3 | B81: jogging | C81: 2 | D81: 3.73 | E81: 1.63 | F81: =D81/E81 -> 2.2883436 | G81: =F81*3.6 -> 8.2380368
A82: P3 | B82: jogging | C82: 3 | D82: 3.73 | E82: 1.74 | F82: =D82/E82 -> 2.1436782 | G82: =F82*3.6 -> 7.7172414
... A100: P3 | B100: running | C100: 10 | D100: 3.73 | E100: 1.23 | F100: =D100/E100 -> 3.0325203 | G100: =F100*3.6 -> 10.917073
A101: P4 | B101: walking | C101: 1 | D101: 3.95 | E101: 2.26 | F101: =D101/E101 -> 1.7477876 | G101: =F101*3.6 -> 6.2920354 | H101: shoes size: 39
A102: P4 | B102: walking | C102: 2 | D102: 3.95 | E102: 2.6 | F102: =D102/E102 -> 1.5192308 | G102: =F102*3.6 -> 5.4692308
A103: P4 | B103: walking | C103: 3 | D103: 3.95 | E103: 2.45 | F103: =D103/E103 -> 1.6122449 | G103: =F103*3.6 -> 5.8040816
A104: P4 | B104: walking | C104: 4 | D104: 3.95 | E104: 2.4 | F104: =D104/E104 -> 1.6458333 | G104: =F104*3.6 -> 5.925
A105: P4 | B105: walking | C105: 5 | D105: 3.95 | E105: 2.58 | F105: =D105/E105 -> 1.5310078 | G105: =F105*3.6 -> 5.5116279
A106: P4 | B106: walking | C106: 6 | D106: 3.95 | E106: 2.62 | F106: =D106/E106 -> 1.5076336 | G106: =F106*3.6 -> 5.4274809
A107: P4 | B107: walking | C107: 7 | D107: 3.95 | E107: 2.4 | F107: =D107/E107 -> 1.6458333 | G107: =F107*3.6 -> 5.925
A108: P4 | B108: walking | C108: 8 | D108: 3.95 | E108: 2.56 | F108: =D108/E108 -> 1.5429688 | G108: =F108*3.6 -> 5.5546875
A109: P4 | B109: walking | C109: 9 | D109: 3.95 | E109: 2.56 | F109: =D109/E109 -> 1.5429688 | G109: =F109*3.6 -> 5.5546875
A110: P4 | B110: walking | C110: 10 | D110: 3.95 | E110: 2.45 | F110: =D110/E110 -> 1.6122449 | G110: =F110*3.6 -> 5.8040816
A111: P4 | B111: walking | C111: 11 | D111: 3.95 | E111: 2.6 | F111: =D111/E111 -> 1.5192308 | G111: =F111*3.6 -> 5.4692308
A112: P4 | B112: jogging | C112: 1 | D112: 3.95 | E112: 1.55 | F112: =D112/E112 -> 2.5483871 | G112: =F112*3.6 -> 9.1741935
A113: P4 | B113: jogging | C113: 2 | D113: 3.95 | E113: 1.49 | F113: =D113/E113 -> 2.6510067 | G113: =F113*3.6 -> 9.5436242
... A131: P4 | B131: running | C131: 10 | D131: 3.95 | E131: 1.17 | F131: =D131/E131 -> 3.3760684 | G131: =F131*3.6 -> 12.153846
A132: P5 | B132: walking | C132: 1 | D132: 3.95 | E132: 2.61 | F132: =D132/E132 -> 1.51341 | G132: =F132*3.6 -> 5.4482759 | H132: shoes size: 43
A133: P5 | B133: walking | C133: 2 | D133: 3.73 | E133: 2.44 | F133: =D133/E133 -> 1.5286885 | G133: =F133*3.6 -> 5.5032787
A134: P5 | B134: walking | C134: 3 | D134: 3.73 | E134: 2.63 | F134: =D134/E134 -> 1.418251 | G134: =F134*3.6 -> 5.1057034
A135: P5 | B135: walking | C135: 4 | D135: 3.73 | E135: 2.47 | F135: =D135/E135 -> 1.5101215 | G135: =F135*3.6 -> 5.4364372
A136: P5 | B136: walking | C136: 5 | D136: 3.73 | E136: 2.46 | F136: =D136/E136 -> 1.5162602 | G136: =F136*3.6 -> 5.4585366
A137: P5 | B137: walking | C137: 6 | D137: 3.73 | E137: 2.43 | F137: =D137/E137 -> 1.5349794 | G137: =F137*3.6 -> 5.5259259
A138: P5 | B138: walking | C138: 7 | D138: 3.73 | E138: 2.42 | F138: =D138/E138 -> 1.5413223 | G138: =F138*3.6 -> 5.5487603
A139: P5 | B139: walking | C139: 8 | D139: 3.73 | E139: 2.51 | F139: =D139/E139 -> 1.4860558 | G139: =F139*3.6 -> 5.3498008
A140: P5 | B140: walking | C140: 9 | D140: 3.73 | E140: 2.4 | F140: =D140/E140 -> 1.5541667 | G140: =F140*3.6 -> 5.595
A141: P5 | B141: walking | C141: 10 | D141: 3.73 | E141: 2.43 | F141: =D141/E141 -> 1.5349794 | G141: =F141*3.6 -> 5.5259259
A142: P5 | B142: walking | C142: 11 | D142: 3.73 | E142: 2.43 | F142: =D142/E142 -> 1.5349794 | G142: =F142*3.6 -> 5.5259259
A143: P5 | B143: jogging | C143: 1 | D143: 3.73 | E143: 1.33 | F143: =D143/E143 -> 2.8045113 | G143: =F143*3.6 -> 10.096241
A144: P5 | B144: jogging | C144: 2 | D144: 3.73 | E144: 1.35 | F144: =D144/E144 -> 2.762963 | G144: =F144*3.6 -> 9.9466667
... A163: P5 | B163: running | C163: 11 | D163: 3.73 | E163: 0.96 | F163: =D163/E163 -> 3.8854167 | G163: =F163*3.6 -> 13.9875
A164: P6 | B164: walking | C164: 1 | D164: 3.95 | E164: 2.76 | F164: =D164/E164 -> 1.4311594 | G164: =F164*3.6 -> 5.1521739 | H164: shoes size: 37
A165: P6 | B165: walking | C165: 2 | D165: 3.95 | E165: 3.3 | F165: =D165/E165 -> 1.1969697 | G165: =F165*3.6 -> 4.3090909
A166: P6 | B166: walking | C166: 3 | D166: 3.95 | E166: 2.73 | F166: =D166/E166 -> 1.4468864 | G166: =F166*3.6 -> 5.2087912
A167: P6 | B167: walking | C167: 4 | D167: 3.95 | E167: 3.26 | F167: =D167/E167 -> 1.2116564 | G167: =F167*3.6 -> 4.3619632
A168: P6 | B168: walking | C168: 5 | D168: 3.95 | E168: 3.03 | F168: =D168/E168 -> 1.3036304 | G168: =F168*3.6 -> 4.6930693
A169: P6 | B169: walking | C169: 6 | D169: 3.95 | E169: 3 | F169: =D169/E169 -> 1.3166667 | G169: =F169*3.6 -> 4.74
A170: P6 | B170: walking | C170: 7 | D170: 3.95 | E170: 3.29 | F170: =D170/E170 -> 1.2006079 | G170: =F170*3.6 -> 4.3221884
A171: P6 | B171: walking | C171: 8 | D171: 3.95 | E171: 2.71 | F171: =D171/E171 -> 1.4575646 | G171: =F171*3.6 -> 5.2472325
A172: P6 | B172: walking | C172: 9 | D172: 3.95 | E172: 3.37 | F172: =D172/E172 -> 1.1721068 | G172: =F172*3.6 -> 4.2195846
A173: P6 | B173: walking | C173: 10 | D173: 3.95 | E173: 3.25 | F173: =D173/E173 -> 1.2153846 | G173: =F173*3.6 -> 4.3753846
A174: P6 | B174: jogging | C174: 1 | D174: 3.95 | E174: 1.58 | F174: =D174/E174 -> 2.5 | G174: =F174*3.6 -> 9
A175: P6 | B175: jogging | C175: 2 | D175: 3.95 | E175: 1.66 | F175: =D175/E175 -> 2.3795181 | G175: =F175*3.6 -> 8.5662651
A176: P6 | B176: jogging | C176: 3 | D176: 3.95 | E176: 1.5 | F176: =D176/E176 -> 2.6333333 | G176: =F176*3.6 -> 9.48
... A193: P6 | B193: running | C193: 10 | D193: 3.95 | E193: 1.26 | F193: =D193/E193 -> 3.1349206 | G193: =F193*3.6 -> 11.285714
A194: P7 | B194: walking | C194: 1 | D194: 3.95 | E194: 1.73 | F194: =D194/E194 -> 2.283237 | G194: =F194*3.6 -> 8.2196532 | H194: shoes size: 41
A195: P7 | B195: walking | C195: 2 | D195: 3.95 | E195: 2.84 | F195: =D195/E195 -> 1.3908451 | G195: =F195*3.6 -> 5.0070423
A196: P7 | B196: walking | C196: 3 | D196: 3.95 | E196: 2.78 | F196: =D196/E196 -> 1.4208633 | G196: =F196*3.6 -> 5.1151079
A197: P7 | B197: walking | C197: 4 | D197: 3.95 | E197: 2.83 | F197: =D197/E197 -> 1.3957597 | G197: =F197*3.6 -> 5.024735
A198: P7 | B198: walking | C198: 5 | D198: 3.95 | E198: 2.81 | F198: =D198/E198 -> 1.405694 | G198: =F198*3.6 -> 5.0604982
A199: P7 | B199: walking | C199: 6 | D199: 3.95 | E199: 2.81 | F199: =D199/E199 -> 1.405694 | G199: =F199*3.6 -> 5.0604982
A200: P7 | B200: walking | C200: 7 | D200: 3.95 | E200: 3.07 | F200: =D200/E200 -> 1.286645 | G200: =F200*3.6 -> 4.6319218
...

Sheet Summary
A1: Speed summary (auto from Raw)
A2: This sheet summarizes counts and mean speed by participant and activity. If you need SD/median, use a PivotTable in Excel or compute in Python from Raw.
A5: participant | B5: activity | C5: n_trials | D5: mean_speed_mps | E5: mean_speed_kmh | F5: notes
A6: P1 | B6: walking | C6: =COUNTIFS(Raw!$A:$A,$A6,Raw!$B:$B,$B6,Raw!$F:$F,">0") -> 10 | D6: =IF(C6=0,"",AVERAGEIFS(Raw!$F:$F,Raw!$A:$A,$A6,Raw!$B:$B,$B6)) -> 1.715551 | E6: =IF(D6="","",D6*3.6) -> 6.1759837
A7: P1 | B7: jogging | C7: =COUNTIFS(Raw!$A:$A,$A7,Raw!$B:$B,$B7,Raw!$F:$F,">0") -> 11 | D7: =IF(C7=0,"",AVERAGEIFS(Raw!$F:$F,Raw!$A:$A,$A7,Raw!$B:$B,$B7)) -> 3.335386 | E7: =IF(D7="","",D7*3.6) -> 12.00739
A8: P1 | B8: running | C8: =COUNTIFS(Raw!$A:$A,$A8,Raw!$B:$B,$B8,Raw!$F:$F,">0") -> 12 | D8: =IF(C8=0,"",AVERAGEIFS(Raw!$F:$F,Raw!$A:$A,$A8,Raw!$B:$B,$B8)) -> 4.2454713 | E8: =IF(D8="","",D8*3.6) -> 15.283697
A9: P1 | B9: heel_drop | C9: =COUNTIFS(Raw!$A:$A,$A9,Raw!$B:$B,$B9,Raw!$F:$F,">0") -> 0 | D9: =IF(C9=0,"",AVERAGEIFS(Raw!$F:$F,Raw!$A:$A,$A9,Raw!$B:$B,$B9)) | E9: =IF(D9="","",D9*3.6)
A10: P1 | B10: step_drop | C10: =COUNTIFS(Raw!$A:$A,$A10,Raw!$B:$B,$B10,Raw!$F:$F,">0") -> 0 | D10: =IF(C10=0,"",AVERAGEIFS(Raw!$F:$F,Raw!$A:$A,$A10,Raw!$B:$B,$B10)) | E10: =IF(D10="","",D10*3.6)
A11: P2 | B11: walking | C11: =COUNTIFS(Raw!$A:$A,$A11,Raw!$B:$B,$B11,Raw!$F:$F,">0") -> 10 | D11: =IF(C11=0,"",AVERAGEIFS(Raw!$F:$F,Raw!$A:$A,$A11,Raw!$B:$B,$B11)) -> 1.5745558 | E11: =IF(D11="","",D11*3.6) -> 5.6684009
A12: P2 | B12: jogging | C12: =COUNTIFS(Raw!$A:$A,$A12,Raw!$B:$B,$B12,Raw!$F:$F,">0") -> 10 | D12: =IF(C12=0,"",AVERAGEIFS(Raw!$F:$F,Raw!$A:$A,$A12,Raw!$B:$B,$B12)) -> 2.4269559 | E12: =IF(D12="","",D12*3.6) -> 8.7370414
A13: P2 | B13: running | C13: =COUNTIFS(Raw!$A:$A,$A13,Raw!$B:$B,$B13,Raw!$F:$F,">0") -> 10 | D13: =IF(C13=0,"",AVERAGEIFS(Raw!$F:$F,Raw!$A:$A,$A13,Raw!$B:$B,$B13)) -> 2.9828801 | E13: =IF(D13="","",D13*3.6) -> 10.738368
A14: P2 | B14: heel_drop | C14: =COUNTIFS(Raw!$A:$A,$A14,Raw!$B:$B,$B14,Raw!$F:$F,">0") -> 0 | D14: =IF(C14=0,"",AVERAGEIFS(Raw!$F:$F,Raw!$A:$A,$A14,Raw!$B:$B,$B14)) | E14: =IF(D14="","",D14*3.6)
A15: P2 | B15: step_drop | C15: =COUNTIFS(Raw!$A:$A,$A15,Raw!$B:$B,$B15,Raw!$F:$F,">0") -> 0 | D15: =IF(C15=0,"",AVERAGEIFS(Raw!$F:$F,Raw!$A:$A,$A15,Raw!$B:$B,$B15)) | E15: =IF(D15="","",D15*3.6)
A16: P3 | B16: walking | C16: =COUNTIFS(Raw!$A:$A,$A16,Raw!$B:$B,$B16,Raw!$F:$F,">0") -> 10 | D16: =IF(C16=0,"",AVERAGEIFS(Raw!$F:$F,Raw!$A:$A,$A16,Raw!$B:$B,$B16)) -> 1.298653 | E16: =IF(D16="","",D16*3.6) -> 4.6751509
A17: P3 | B17: jogging | C17: =COUNTIFS(Raw!$A:$A,$A17,Raw!$B:$B,$B17,Raw!$F:$F,">0") -> 11 | D17: =IF(C17=0,"",AVERAGEIFS(Raw!$F:$F,Raw!$A:$A,$A17,Raw!$B:$B,$B17)) -> 2.2157868 | E17: =IF(D17="","",D17*3.6) -> 7.9768324
... A55: P10 | B55: step_drop | C55: =COUNTIFS(Raw!$A:$A,$A55,Raw!$B:$B,$B55,Raw!$F:$F,">0") -> 0 | D55: =IF(C55=0,"",AVERAGEIFS(Raw!$F:$F,Raw!$A:$A,$A55,Raw!$B:$B,$B55)) | E55: =IF(D55="","",D55*3.6)
A57: ALL | B57: ALL | C57: =COUNTIF(Raw!$F:$F,">0") -> 303 | D57: =IF(C57=0,"",AVERAGEIF(Raw!$F:$F,">0",Raw!$F:$F)) -> 2.4129885 | E57: =IF(D57="","",D57*3.6) -> 8.6867588 | F57: All participants + activities
